dataset,ny_date,hour,side,bias_score,entry_ts,entry,stop,target,exit_ts,exit,r,outcome,confs,big_day,rr
QQQ 5m (NQ proxy),2024-06-14,10,long,2.0,2024-06-14 16:10:00+00:00,477.92,476.1939173157632,483.09824805271046,2024-06-14 18:00:00+00:00,478.41,0.27229286539527453,time,ifvg+cisd+open_reclaim,0.4644972414966311,3.0
QQQ 5m (NQ proxy),2024-07-10,10,long,3.0,2024-07-10 16:00:00+00:00,499.99,498.3815964108037,504.81521076758895,2024-07-10 18:00:00+00:00,502.475,1.5325755404660115,time,ifvg+cisd+open_reclaim,0.7422034043386918,3.0
QQQ 5m (NQ proxy),2024-08-21,10,long,3.0,2024-08-21 17:50:00+00:00,482.1,479.34925258493723,490.3522422451884,2024-08-21 18:00:00+00:00,482.45,0.11996739438631197,time,ifvg+cisd+open_reclaim,0.49149263091809325,3.0
QQQ 5m (NQ proxy),2024-10-18,10,long,2.0,2024-10-18 15:15:00+00:00,494.88,493.71893181453373,498.3632045563988,2024-10-18 16:10:00+00:00,493.71893181453373,-1.0172255172007563,stop,ifvg+cisd+open_reclaim,0.3231023103137467,3.0
QQQ 5m (NQ proxy),2024-10-22,10,long,2.0,2024-10-22 16:45:00+00:00,494.3333,493.26546589667765,497.5368023099671,2024-10-22 18:00:00+00:00,497.41,2.862523298787423,time,ifvg+cisd+open_reclaim,0.7541507492244056,3.0
QQQ 5m (NQ proxy),2024-10-25,10,long,2.0,2024-10-25 16:20:00+00:00,499.08,497.8423387702983,502.7929836891051,2024-10-25 17:15:00+00:00,497.8423387702983,-1.0161595107934507,stop,ifvg+cisd+open_reclaim,0.8033259568062021,3.0
QQQ 5m (NQ proxy),2024-11-20,10,short,-4.0,2024-11-20 16:10:00+00:00,499.25,500.6620758916987,495.0137723249039,2024-11-20 16:45:00+00:00,500.6620758916987,-1.0141635446915962,stop,ifvg+cisd+open_reclaim,0.9331392975639642,3.0
QQQ 5m (NQ proxy),2024-12-02,10,long,2.0,2024-12-02 16:05:00+00:00,514.62,513.3839142307879,518.3282573076362,2024-12-02 19:00:00+00:00,515.11,0.38023251436637867,time,ifvg+cisd+open_reclaim,0.8178029962290531,3.0
QQQ 5m (NQ proxy),2024-12-06,10,long,3.0,2024-12-06 16:30:00+00:00,525.795,524.3758871472123,530.0523385583629,2024-12-06 19:00:00+00:00,526.11,0.20787634994677928,time,ifvg+cisd+open_reclaim,0.6898386934313201,3.0
QQQ 5m (NQ proxy),2024-12-11,10,long,2.0,2024-12-11 16:10:00+00:00,528.68,526.9782841416165,533.7851475751502,2024-12-11 19:00:00+00:00,529.88,0.6934177607776533,time,ifvg+cisd+open_reclaim,0.9335160659266453,3.0
QQQ 5m (NQ proxy),2024-12-12,10,short,-5.0,2024-12-12 16:55:00+00:00,527.2,528.8677031034147,522.1968906897562,2024-12-12 18:00:00+00:00,528.8677031034147,-1.0119925422930796,stop,ifvg+cisd+open_reclaim,0.45270256934258934,3.0
QQQ 5m (NQ proxy),2025-02-06,10,long,3.0,2025-02-06 18:20:00+00:00,528.63,526.4646366004017,535.1260901987948,2025-02-06 19:00:00+00:00,528.31,-0.15701752420084664,time,ifvg+cisd+open_reclaim,0.28859606529825393,3.0
QQQ 5m (NQ proxy),2025-02-14,10,long,2.0,2025-02-14 17:45:00+00:00,536.67,535.7391133126188,539.4626600621435,2025-02-14 19:00:00+00:00,537.96,1.3642906459140545,time,ifvg+cisd+open_reclaim,0.30345808612102787,3.0
QQQ 5m (NQ proxy),2025-03-04,10,short,-3.0,2025-03-04 15:50:00+00:00,490.07,492.33949998299437,483.26150005101687,2025-03-04 16:45:00+00:00,492.33949998299437,-1.008812513835586,stop,ifvg+cisd+open_reclaim,1.0781472194275985,3.0
QQQ 5m (NQ proxy),2025-03-06,10,short,-2.0,2025-03-06 17:00:00+00:00,490.705,498.62992640392036,466.93022078823884,2025-03-06 19:00:00+00:00,487.6,0.3892780630081111,time,ifvg+cisd+open_reclaim,1.0748121162884867,3.0
QQQ 5m (NQ proxy),2025-05-14,10,long,2.0,2025-05-14 17:50:00+00:00,517.91,515.8578211683711,524.0665364948867,2025-05-14 18:00:00+00:00,517.81,-0.058474436121521284,time,ifvg+cisd+open_reclaim,0.257149724326415,3.0
QQQ 5m (NQ proxy),2025-06-10,10,long,3.0,2025-06-10 15:55:00+00:00,532.08,528.8922020640575,541.6433938078276,2025-06-10 18:00:00+00:00,531.36,-0.23213516504810613,time,ifvg+cisd+open_reclaim,0.47761488949747005,3.0
QQQ 5m (NQ proxy),2025-06-27,10,long,2.0,2025-06-27 15:30:00+00:00,549.595,548.1571493663108,553.9085519010677,2025-06-27 17:40:00+00:00,548.1571493663108,-1.0139096506489582,stop,ifvg+cisd+open_reclaim,0.4011656012676212,3.0
QQQ 5m (NQ proxy),2025-07-21,10,long,3.0,2025-07-21 16:50:00+00:00,565.65,564.4980292021903,569.105912393429,2025-07-21 18:00:00+00:00,565.76,0.07812698045049206,time,ifvg+cisd+open_reclaim,0.6592301443642159,3.0
QQQ 5m (NQ proxy),2025-08-01,10,short,-2.0,2025-08-01 17:25:00+00:00,553.19,557.9159792275599,539.0120623173206,2025-08-01 18:00:00+00:00,552.51,0.13965359732248372,time,ifvg+cisd+open_reclaim,1.142214853414907,3.0
QQQ 5m (NQ proxy),2025-08-08,10,long,3.0,2025-08-08 16:00:00+00:00,574.01,572.1192739247555,579.6821782257335,2025-08-08 18:00:00+00:00,574.64,0.3226273800244216,time,ifvg+cisd+open_reclaim,0.5647498339198123,3.0
QQQ 5m (NQ proxy),2025-09-19,10,long,3.0,2025-09-19 16:00:00+00:00,597.93,595.8599239188444,604.1402282434666,2025-09-19 18:00:00+00:00,598.435,0.2342909057377548,time,ifvg+cisd+open_reclaim,0.4781187467854377,3.0
QQQ 5m (NQ proxy),2025-10-24,10,long,2.0,2025-10-24 15:20:00+00:00,617.75,615.1825330125758,625.4524009622725,2025-10-24 18:00:00+00:00,617.89,0.0467386730142061,time,ifvg+cisd+open_reclaim,0.3658777352684778,3.0
QQQ 5m (NQ proxy),2025-10-28,10,long,3.0,2025-10-28 16:00:00+00:00,630.8,629.2111645856439,635.566506243068,2025-10-28 18:00:00+00:00,632.78,1.2336079510126159,time,ifvg+cisd+open_reclaim,0.4033552867657774,3.0
QQQ 5m (NQ proxy),2025-12-02,10,long,3.0,2025-12-02 17:25:00+00:00,622.2,617.5342575765185,636.1972272704447,2025-12-02 19:00:00+00:00,621.945,-0.058940244668455447,time,ifvg+cisd+open_reclaim,0.5345879809463914,3.0
QQQ 5m (NQ proxy),2025-12-15,10,short,-3.0,2025-12-15 16:35:00+00:00,612.38,614.9599252007506,604.6402243977482,2025-12-15 19:00:00+00:00,612.7,-0.13178676649273777,time,ifvg+cisd+open_reclaim,0.9139514901290665,3.0
QQQ 5m (NQ proxy),2026-02-05,10,short,-3.0,2026-02-05 18:20:00+00:00,599.26,603.1802775389751,587.4991673830746,2026-02-05 19:00:00+00:00,599.11,0.03316091748799053,time,ifvg+cisd+open_reclaim,0.998490291057203,3.0
QQQ 5m (NQ proxy),2026-02-25,10,long,3.0,2026-02-25 17:50:00+00:00,615.605,613.5896341376574,621.6510975870278,2026-02-25 19:00:00+00:00,615.995,0.1835894945495944,time,ifvg+cisd+open_reclaim,0.45847166013542345,3.0
QQQ 5m (NQ proxy),2026-03-24,10,short,-2.0,2026-03-24 17:05:00+00:00,583.32,588.0105017143428,569.2484948569718,2026-03-24 18:00:00+00:00,584.56,-0.26862797984851583,time,ifvg+cisd+open_reclaim,0.5010117322335147,3.0
QQQ 5m (NQ proxy),2026-03-25,10,short,-2.0,2026-03-25 15:15:00+00:00,586.44,591.2561467867469,571.9915596397597,2026-03-25 18:00:00+00:00,588.91,-0.5170108201128674,time,ifvg+cisd+open_reclaim,0.47930705015217,3.0
QQQ 5m (NQ proxy),2026-03-30,10,short,-3.0,2026-03-30 16:25:00+00:00,561.72,565.5577084900157,550.2068745299531,2026-03-30 18:00:00+00:00,559.73,0.5133271599771714,time,ifvg+cisd+open_reclaim,0.761386497709295,3.0
QQQ 5m (NQ proxy),2026-05-01,10,long,3.0,2026-05-01 15:35:00+00:00,675.52,671.9410584217278,686.2568247348165,2026-05-01 18:00:00+00:00,674.85,-0.19279442955676113,time,ifvg+cisd+open_reclaim,0.6830849080495125,3.0
SPY 5m (ES proxy),2024-06-18,10,long,3.0,2024-06-18 15:45:00+00:00,547.68,546.7010250758273,550.616924772518,2024-06-18 18:00:00+00:00,547.5,-0.20429532469278072,time,ifvg+cisd+open_reclaim,0.35517617775828964,3.0
SPY 5m (ES proxy),2024-06-27,10,long,3.0,2024-06-27 17:25:00+00:00,546.3,544.6448449720094,551.2654650839715,2024-06-27 18:00:00+00:00,545.215,-0.6676111792026312,time,ifvg+cisd+open_reclaim,0.4774702191040364,3.0
SPY 5m (ES proxy),2024-07-10,10,long,2.0,2024-07-10 15:25:00+00:00,557.68,556.7705557327887,560.4083328016337,2024-07-10 18:00:00+00:00,559.76,2.2651195617702653,time,ifvg+cisd+open_reclaim,0.7312487120005807,3.0
SPY 5m (ES proxy),2024-07-23,10,long,2.0,2024-07-23 15:10:00+00:00,556.33,554.2552136435854,562.5543590692439,2024-07-23 16:55:00+00:00,554.2552136435854,-1.0096395467119619,stop,ifvg+cisd+open_reclaim,0.4622278578073532,3.0
SPY 5m (ES proxy),2024-10-07,10,long,3.0,2024-10-07 15:10:00+00:00,571.54,570.5553216022903,574.494035193129,2024-10-07 16:10:00+00:00,570.5553216022903,-1.0203112001304377,stop,ifvg+cisd+open_reclaim,0.33838464859627093,3.0
SPY 5m (ES proxy),2024-10-14,10,long,3.0,2024-10-14 15:55:00+00:00,583.46,582.3190456975033,586.8828629074903,2024-10-14 18:00:00+00:00,583.68,0.17529185837000733,time,ifvg+cisd+open_reclaim,0.5835307954132343,3.0
SPY 5m (ES proxy),2024-12-02,10,long,3.0,2024-12-02 16:15:00+00:00,603.28,602.4536577796757,605.7590266609727,2024-12-02 19:00:00+00:00,603.62,0.38724875981099754,time,ifvg+cisd+open_reclaim,0.2666118108381718,3.0
SPY 5m (ES proxy),2024-12-12,10,short,-2.0,2024-12-12 16:50:00+00:00,606.1,607.182493921465,602.852518235605,2024-12-12 19:00:00+00:00,606.0,0.0739034172974875,time,ifvg+cisd+open_reclaim,0.43934242978706334,3.0
SPY 5m (ES proxy),2024-12-19,10,long,2.0,2024-12-19 16:20:00+00:00,590.62,587.6785653681777,599.4443038954669,2024-12-19 17:30:00+00:00,587.6785653681777,-1.0067994031836123,stop,ifvg+cisd+open_reclaim,1.0011197262244946,3.0
SPY 5m (ES proxy),2025-01-08,10,short,-2.0,2025-01-08 17:20:00+00:00,586.69,590.020404806234,576.6987855812984,2025-01-08 19:00:00+00:00,587.77,-0.3302901791220488,time,ifvg+cisd+open_reclaim,0.6177636129751789,3.0
SPY 5m (ES proxy),2025-01-10,10,short,-2.0,2025-01-10 16:00:00+00:00,580.315,583.309226381066,571.3323208568023,2025-01-10 18:20:00+00:00,583.309226381066,-1.0066795216709299,stop,ifvg+cisd+open_reclaim,0.9819695710745022,3.0
SPY 5m (ES proxy),2025-02-10,10,long,2.0,2025-02-10 17:50:00+00:00,604.5,603.1710345281315,608.4868964156055,2025-02-10 19:00:00+00:00,604.9,0.2859366989164139,time,ifvg+cisd+open_reclaim,0.35884827743049114,3.0
SPY 5m (ES proxy),2025-02-14,10,long,3.0,2025-02-14 15:45:00+00:00,610.43,609.696140575288,612.6315782741357,2025-02-14 16:20:00+00:00,609.696140575288,-1.0272531759169699,stop,ifvg+cisd+open_reclaim,0.2787748555516494,3.0
SPY 5m (ES proxy),2025-02-28,10,short,-3.0,2025-02-28 17:40:00+00:00,585.31,589.1058403154269,573.922479053719,2025-02-28 19:00:00+00:00,584.36,0.24500503780947952,time,ifvg+cisd+open_reclaim,0.9165728137614976,3.0
SPY 5m (ES proxy),2025-03-06,10,short,-3.0,2025-03-06 17:00:00+00:00,573.34,580.2509850617844,552.607044814647,2025-03-06 19:00:00+00:00,571.0,0.3356974409956302,time,ifvg+cisd+open_reclaim,1.1003130884552081,3.0
SPY 5m (ES proxy),2025-03-17,10,long,2.0,2025-03-17 17:25:00+00:00,565.7,562.7852728551238,574.4441814346287,2025-03-17 18:00:00+00:00,567.53,0.6209843700744724,time,ifvg+cisd+open_reclaim,0.4895464466035396,3.0
SPY 5m (ES proxy),2025-04-16,10,short,-2.0,2025-04-16 17:30:00+00:00,528.94,535.1484312352627,510.3147062942121,2025-04-16 18:00:00+00:00,525.22,0.5959637563487481,time,ifvg+cisd+open_reclaim,0.5832067359203269,3.0
SPY 5m (ES proxy),2025-06-11,10,long,2.0,2025-06-11 17:00:00+00:00,604.03,601.9479672215466,610.2760983353601,2025-06-11 18:00:00+00:00,601.9479672215466,-1.0096059967004252,stop,ifvg+cisd+open_reclaim,0.3648228866467548,3.0
SPY 5m (ES proxy),2025-07-01,10,long,3.0,2025-07-01 15:25:00+00:00,617.28,615.4833157417808,622.6700527746576,2025-07-01 18:00:00+00:00,618.26,0.5343175884178573,time,ifvg+cisd+open_reclaim,0.47571034597787326,3.0
SPY 5m (ES proxy),2025-07-16,10,long,2.0,2025-07-16 16:35:00+00:00,622.2,618.0183792086033,634.7448623741903,2025-07-16 18:00:00+00:00,623.345,0.2690344381093923,time,ifvg+cisd+open_reclaim,1.0499053343192288,3.0
SPY 5m (ES proxy),2025-08-01,10,short,-2.0,2025-08-01 17:10:00+00:00,620.81,625.0267010456898,608.1598968629303,2025-08-01 18:00:00+00:00,620.23,0.13280524133251817,time,ifvg+cisd+open_reclaim,1.2462000920770064,3.0
SPY 5m (ES proxy),2025-08-08,10,long,3.0,2025-08-08 15:50:00+00:00,636.04,634.8391101028967,639.6426696913097,2025-08-08 18:00:00+00:00,637.5,1.1991107623384607,time,ifvg+cisd+open_reclaim,0.5623635627970769,3.0
SPY 5m (ES proxy),2025-09-10,10,long,2.0,2025-09-10 15:50:00+00:00,653.615,652.3257805188437,657.4826584434691,2025-09-10 16:40:00+00:00,652.3257805188437,-1.0155132623205951,stop,ifvg+cisd+open_reclaim,0.4654189421210452,3.0
SPY 5m (ES proxy),2026-01-06,10,long,2.0,2026-01-06 17:20:00+00:00,690.46,688.2761070397522,697.0116788807435,2026-01-06 19:00:00+00:00,691.72,0.5677933958170193,time,ifvg+cisd+open_reclaim,0.6320009282279418,3.0
SPY 5m (ES proxy),2026-02-05,10,short,-3.0,2026-02-05 17:15:00+00:00,679.77,681.6519652040046,674.1241043879862,2026-02-05 17:25:00+00:00,681.6519652040046,-1.0106271890454948,stop,ifvg+cisd+open_reclaim,1.0354409401746303,3.0
SPY 5m (ES proxy),2026-03-19,10,short,-3.0,2026-03-19 15:20:00+00:00,657.54,659.8012858453086,650.7561424640741,2026-03-19 18:00:00+00:00,656.71,0.3582032769896781,time,ifvg+cisd+open_reclaim,0.45682588882972036,3.0
SPY 5m (ES proxy),2026-03-30,10,short,-3.0,2026-03-30 17:00:00+00:00,634.85,638.7608037621036,623.1175887136893,2026-03-30 18:00:00+00:00,633.3,0.3912239255843156,time,ifvg+cisd+open_reclaim,0.6865421486881623,3.0
SPY 5m (ES proxy),2026-05-08,10,long,2.0,2026-05-08 15:35:00+00:00,737.29,736.0162728914972,741.1111813255081,2026-05-08 18:00:00+00:00,737.57,0.20412535641619342,time,ifvg+cisd+open_reclaim,0.40578191227688876,3.0
GLD 5m (GC proxy),2024-06-10,10,long,2.0,2024-06-10 15:40:00+00:00,213.39,212.85528043058423,214.99415870824726,2024-06-10 18:00:00+00:00,213.84,0.8041598336672854,time,ifvg+cisd+open_reclaim,0.36280312853087393,3.0
GLD 5m (GC proxy),2024-06-24,10,long,2.0,2024-06-24 16:10:00+00:00,215.42,215.2218369748116,216.01448907556517,2024-06-24 18:00:00+00:00,215.755,1.5896002783593897,time,ifvg+cisd+open_reclaim,0.1938554266735213,3.0
GLD 5m (GC proxy),2024-07-30,10,long,3.0,2024-07-30 16:35:00+00:00,221.22,220.34161465024337,223.85515604926988,2024-07-30 18:00:00+00:00,222.37,1.286451328352748,time,ifvg+cisd+open_reclaim,0.9031532047295696,3.0
GLD 5m (GC proxy),2024-07-31,10,long,3.0,2024-07-31 16:25:00+00:00,224.38,223.64944309411754,226.57167071764735,2024-07-31 18:00:00+00:00,224.16,-0.3285165030506404,time,ifvg+cisd+open_reclaim,0.31522145733817725,3.0
GLD 5m (GC proxy),2024-08-13,10,long,3.0,2024-08-13 15:05:00+00:00,228.53,227.78518554367497,230.7644433689751,2024-08-13 18:00:00+00:00,228.145,-0.5437595854386212,time,ifvg+cisd+open_reclaim,0.3002083764072874,3.0
GLD 5m (GC proxy),2024-09-05,10,long,2.0,2024-09-05 17:40:00+00:00,232.2,231.3889303834782,234.63320884956536,2024-09-05 18:00:00+00:00,232.445,0.2774114520093841,time,ifvg+cisd+open_reclaim,0.5305330415181806,3.0
GLD 5m (GC proxy),2024-10-01,10,long,2.0,2024-10-01 16:30:00+00:00,246.4,245.16262180630414,250.1121345810876,2024-10-01 18:00:00+00:00,245.97,-0.3636721596458114,time,ifvg+cisd+open_reclaim,0.7177227351199565,3.0
GLD 5m (GC proxy),2024-10-09,10,short,-2.0,2024-10-09 16:30:00+00:00,241.125,241.75080871439806,239.24757385680581,2024-10-09 18:00:00+00:00,241.15,-0.07190695649434865,time,ifvg+cisd+open_reclaim,0.3955406940819159,3.0
GLD 5m (GC proxy),2024-10-17,10,long,3.0,2024-10-17 16:45:00+00:00,248.46,247.87519466265363,250.21441601203915,2024-10-17 18:00:00+00:00,248.575,0.16244721778883492,time,ifvg+cisd+open_reclaim,0.5736914500257542,3.0
GLD 5m (GC proxy),2024-10-29,10,long,3.0,2024-10-29 17:00:00+00:00,255.98,254.98037154083295,258.9788853775011,2024-10-29 18:00:00+00:00,255.75,-0.2500929197317039,time,ifvg+cisd+open_reclaim,0.7449361411926676,3.0
GLD 5m (GC proxy),2024-11-13,10,short,-3.0,2024-11-13 16:25:00+00:00,239.695,240.71381596325213,236.63855211024358,2024-11-13 19:00:00+00:00,238.36,1.2907139733091735,time,ifvg+cisd+open_reclaim,1.0870466747146075,3.0
GLD 5m (GC proxy),2024-12-10,10,long,3.0,2024-12-10 16:05:00+00:00,248.37,247.82537967609838,250.00386097170488,2024-12-10 19:00:00+00:00,248.5,0.2019755693507036,time,ifvg+cisd+open_reclaim,0.3561800204277531,3.0
GLD 5m (GC proxy),2024-12-23,10,short,-2.0,2024-12-23 17:05:00+00:00,241.35,241.45721247304354,241.02836258086936,2024-12-23 17:45:00+00:00,241.02836258086936,2.8134545409480793,target,ifvg+cisd+open_reclaim,0.35070142436296037,3.0
GLD 5m (GC proxy),2025-01-31,10,long,2.0,2025-01-31 17:40:00+00:00,259.67,258.65634248316786,262.7109725504965,2025-01-31 18:15:00+00:00,258.65634248316786,-1.0197305299550319,stop,ifvg+cisd+open_reclaim,0.8032042997618314,3.0
GLD 5m (GC proxy),2025-02-04,10,long,3.0,2025-02-04 17:30:00+00:00,262.48,261.3545215088783,265.8564354733652,2025-02-04 19:00:00+00:00,262.33,-0.15104686703572712,time,ifvg+cisd+open_reclaim,0.4484578811769878,3.0
GLD 5m (GC proxy),2025-02-13,10,long,3.0,2025-02-13 17:20:00+00:00,269.02,268.6814903119028,270.03552906429155,2025-02-13 19:00:00+00:00,269.96,2.7177951838585344,time,ifvg+cisd+open_reclaim,0.5771183196655792,3.0
GLD 5m (GC proxy),2025-03-28,10,long,3.0,2025-03-28 15:45:00+00:00,284.34,282.84736328078196,288.817910157654,2025-03-28 18:00:00+00:00,283.87,-0.3282781360602464,time,ifvg+cisd+open_reclaim,0.6315628115380493,3.0
GLD 5m (GC proxy),2025-04-11,10,long,3.0,2025-04-11 15:00:00+00:00,298.31,297.09600419723523,301.9519874082943,2025-04-11 16:50:00+00:00,297.09600419723523,-1.0164745215382556,stop,ifvg+cisd+open_reclaim,0.5263302344372902,3.0
GLD 5m (GC proxy),2025-04-30,10,long,2.0,2025-04-30 14:55:00+00:00,305.15,303.4875688482947,310.1372934551158,2025-04-30 18:00:00+00:00,304.72,-0.2706879015942116,time,ifvg+cisd+open_reclaim,0.4155912699134423,3.0
GLD 5m (GC proxy),2025-05-02,10,short,-3.0,2025-05-02 15:30:00+00:00,298.94,300.90415293291085,293.04754120126745,2025-05-02 18:00:00+00:00,297.81,0.5651291105703209,time,ifvg+cisd+open_reclaim,0.6330774180095751,3.0
GLD 5m (GC proxy),2025-05-06,10,long,3.0,2025-05-06 15:05:00+00:00,312.74,311.41874465936286,316.70376602191146,2025-05-06 18:00:00+00:00,314.53,1.3396350770067,time,ifvg+cisd+open_reclaim,0.5810395234459586,3.0
GLD 5m (GC proxy),2025-05-19,10,short,-2.0,2025-05-19 16:05:00+00:00,297.61,298.5933821563467,294.65985353095994,2025-05-19 18:00:00+00:00,297.42,0.17287277270878607,time,ifvg+cisd+open_reclaim,0.33097164069107593,3.0
GLD 5m (GC proxy),2025-05-21,10,short,-2.0,2025-05-21 16:55:00+00:00,304.405,305.5419935124361,300.99401946269165,2025-05-21 17:20:00+00:00,305.5419935124361,-1.0175902498837908,stop,ifvg+cisd+open_reclaim,0.32586955278185464,3.0
GLD 5m (GC proxy),2025-06-11,10,short,-2.0,2025-06-11 17:05:00+00:00,306.62,308.0562332036658,302.31130038900267,2025-06-11 18:00:00+00:00,307.155,-0.38642749560684875,time,ifvg+cisd+open_reclaim,0.423864616227966,3.0
GLD 5m (GC proxy),2025-07-03,10,long,3.0,2025-07-03 16:45:00+00:00,307.105,306.13504654396365,310.0148603681091,2025-07-03 17:05:00+00:00,307.12,-0.005154886524602668,time,ifvg+cisd+open_reclaim,0.3301655332617343,3.0
GLD 5m (GC proxy),2025-08-28,10,long,3.0,2025-08-28 16:05:00+00:00,313.97,313.32874390877384,315.8937682736786,2025-08-28 18:00:00+00:00,314.58,0.9200692329826982,time,ifvg+cisd+open_reclaim,0.555678251988759,3.0
GLD 5m (GC proxy),2025-09-05,10,long,3.0,2025-09-05 15:45:00+00:00,330.94,328.91529943675374,337.01410168973877,2025-09-05 18:00:00+00:00,331.145,0.09137153580051792,time,ifvg+cisd+open_reclaim,0.7690235703903354,3.0
GLD 5m (GC proxy),2025-09-18,10,short,-2.0,2025-09-18 14:55:00+00:00,334.78,335.5867336778896,332.35979896633114,2025-09-18 16:55:00+00:00,335.5867336778896,-1.024791328970323,stop,ifvg+cisd+open_reclaim,0.710682404948588,3.0
GLD 5m (GC proxy),2025-10-15,10,long,3.0,2025-10-15 16:20:00+00:00,386.43,384.55396781826374,392.0580965452088,2025-10-15 18:00:00+00:00,386.54,0.04797359068580521,time,ifvg+cisd+open_reclaim,0.5844178072531057,3.0
GLD 5m (GC proxy),2025-11-04,10,short,-2.0,2025-11-04 17:50:00+00:00,363.87,365.78902299227906,358.11293102316284,2025-11-04 19:00:00+00:00,362.17,0.8754454775994119,time,ifvg+cisd+open_reclaim,0.5477243652491027,3.0
GLD 5m (GC proxy),2025-12-26,10,long,2.0,2025-12-26 18:40:00+00:00,416.44,414.7428299119976,421.5315102640072,2025-12-26 19:00:00+00:00,416.35,-0.06481377487005285,time,ifvg+cisd+open_reclaim,0.6330143027687138,3.0
GLD 5m (GC proxy),2026-01-05,10,long,2.0,2026-01-05 16:50:00+00:00,409.41,407.8064497821719,414.22065065348437,2026-01-05 17:00:00+00:00,407.8064497821719,-1.0124723253301593,stop,ifvg+cisd+open_reclaim,0.5217687733987157,3.0
GLD 5m (GC proxy),2026-01-06,10,long,3.0,2026-01-06 16:40:00+00:00,412.63,410.35021418124416,419.4693574562675,2026-01-06 19:00:00+00:00,412.44,-0.09211391626016963,time,ifvg+cisd+open_reclaim,0.3959306447737344,3.0
GLD 5m (GC proxy),2026-01-26,10,long,3.0,2026-01-26 17:40:00+00:00,469.01,465.54841056282805,479.3947683115158,2026-01-26 18:40:00+00:00,465.54841056282805,-1.0057776926937758,stop,ifvg+cisd+open_reclaim,0.5620176416890391,3.0
GLD 5m (GC proxy),2026-03-04,10,short,-5.0,2026-03-04 17:20:00+00:00,471.15,474.8617183180166,460.01484504595015,2026-03-04 19:00:00+00:00,471.49,-0.09699011863389495,time,ifvg+cisd+open_reclaim,0.46212030551051597,3.0
GLD 5m (GC proxy),2026-03-31,10,long,3.0,2026-03-31 15:10:00+00:00,424.72,422.09278454398725,432.60164636803836,2026-03-31 18:00:00+00:00,427.58,1.0809924224144578,time,ifvg+cisd+open_reclaim,0.6683517025485992,3.0
GLD 5m (GC proxy),2026-04-09,10,long,2.0,2026-04-09 15:15:00+00:00,439.29,435.99159120286595,449.18522639140224,2026-04-09 18:00:00+00:00,439.58,0.08185765216081212,time,ifvg+cisd+open_reclaim,0.36889896922933124,3.0
GLD 5m (GC proxy),2026-05-01,10,long,4.0,2026-05-01 15:10:00+00:00,425.66,423.994493075313,430.65652077406105,2026-05-01 18:00:00+00:00,424.52,-0.6964846454889625,time,ifvg+cisd+open_reclaim,0.7556133771850215,3.0
GLD 5m (GC proxy),2026-05-04,10,short,-3.0,2026-05-04 14:55:00+00:00,418.73,420.89875056890236,412.223748293293,2026-05-04 18:00:00+00:00,415.335,1.556195557199652,time,ifvg+cisd+open_reclaim,0.8579258091303351,3.0
ES 15m (futures),2024-10-14,10,long,4.0,2024-10-14 16:15:00+00:00,5902.75,5888.327522706535,5946.017431880395,2024-10-14 18:00:00+00:00,5904.75,0.10400432390901929,time,ifvg+cisd+open_reclaim,0.6649925174029125,3.0
ES 15m (futures),2025-01-15,10,long,2.0,2025-01-15 18:15:00+00:00,5984.0,5954.712327942054,6071.863016173838,2025-01-15 19:00:00+00:00,5989.0,0.15364826508220525,time,ifvg+cisd+open_reclaim,0.5677232420515181,3.0
ES 15m (futures),2025-03-19,10,long,2.0,2025-03-19 15:30:00+00:00,5660.0,5640.928073667648,5717.215778997055,2025-03-19 17:30:00+00:00,5640.928073667648,-1.0262165442172377,stop,ifvg+cisd+open_reclaim,0.4974551955358857,3.0
ES 15m (futures),2025-06-23,10,long,4.0,2025-06-23 17:15:00+00:00,6052.75,5992.399552198502,6233.801343404495,2025-06-23 18:00:00+00:00,6064.5,0.18641121002122352,time,ifvg+cisd+open_reclaim,1.078267213746961,3.0
ES 15m (futures),2025-07-16,10,long,2.0,2025-07-16 17:00:00+00:00,6297.25,6240.423039689315,6467.730880932054,2025-07-16 18:00:00+00:00,6293.0,-0.08358708567255363,time,ifvg+cisd+open_reclaim,1.0992459304991336,3.0
ES 15m (futures),2025-08-01,10,short,-4.0,2025-08-01 16:45:00+00:00,6260.25,6298.228549254201,6146.314352237396,2025-08-01 18:00:00+00:00,6243.75,0.4212904472181749,time,ifvg+cisd+open_reclaim,1.2351283848218078,3.0
ES 15m (futures),2025-08-11,10,short,-2.0,2025-08-11 17:30:00+00:00,6409.0,6431.939817153202,6340.180548540394,2025-08-11 18:00:00+00:00,6406.75,0.07628657143658732,time,ifvg+cisd+open_reclaim,0.43740406287153266,3.0
ES 15m (futures),2025-10-28,10,long,2.0,2025-10-28 16:15:00+00:00,6917.25,6902.508548271052,6961.474355186844,2025-10-28 18:00:00+00:00,6933.75,1.0853747849392958,time,ifvg+cisd+open_reclaim,0.4061143382614596,3.0
